test;jaar;ring;vjaar;vring;mjaar;mring;geslacht
;0;1;2010;6357819;2015;6285666;
;0;2;2016;6021406;2013;6060570;
;0;3;2015;6048785;2011;6115344;
;0;4;2016;6021902;2016;6021800;
;2000;6485500;1997;6423539;1998;6429618;M
;2000;6485533;;;;;V
;2000;6485568;1998;6396340;1997;6362266;V
;2007;6031645;2000;6485500;2000;6540682;M
;2007;6031669;2000;6485500;2000;6540682;M
;2007;6031700;2000;6485500;2000;6485568;M
;2005;6176491;;;;;M
;2005;6176661;;;;;V
;2005;6176678;2001;6153861;2002;6121791;V
;2011;6115406;2008;6178055;2006;6033673;V
;2011;6115441;2007;6031700;2010;6031073;V
;2011;6115471;2008;6178055;2006;6033673;M
;2009;6111718;1998;6335690;2008;6259169;M
;2009;6159408;;;;;V
;2009;6159491;2007;6348409;2005;6398933;M
;2009;6181228;2004;6356585;2005;6341163;M
;2010;6031073;2009;6357220;2006;6033902;V
;2010;6031709;2002;6183083;2007;6033018;M
;2010;6031750;1998;6335690;2004;6307341;V
;2012;6025886;2010;6023340;2011;6332526;M
;2012;6079884;;;;;V
;2012;6207981;2012;3095082;2007;3008385;M
;2012;6207984;2012;6207981;2011;5140795;M
;2012;6233362;2008;6383049;2008;6383036;V
;2014;6070967;2012;6023206;2013;6060492;V
;2014;6070968;2012;6023206;2013;6060492;V
;2014;6070970;2007;6031700;2010;6031073;M
;2014;6070977;2010;6031709;2013;6060493;M
;1998;6429618;;;;;V
;1998;6535619;;;;;M
;1999;3172131;;;;;M
;1999;3199708;;;;;M
;1999;6151734;;;;;M
;2007;6206201;;;;;M
;2007;6206280;;;;;V
;2007;6209869;2002;6499038;2005;6105653;M
;2003;6257069;;;;;V
;2003;6257098;1998;6335690;1997;6407575;M
;2003;6257240;1998;6335690;1997;6407575;M
;2003;6488340;;;;;V
;2003;1536568;;;;;M
;2012;6023206;2009;6111718;2010;6297668;M
;2012;6023210;2010;6297742;2009;2035886;M
;2012;6023227;2003;6257098;2010;3169150;M
;2002;6183083;2000;6485499;2000;6540682;M
;2002;6183100;1998;6335690;2000;6345097;M
;2002;6183124;;;;;M
;2002;6183145;;;;;V
;2015;6047589;2002;6183083;2012;6023685;M
;2015;6048785;2014;6072295;2014;3076106;M
;2015;6048786;2014;6072295;2014;3076106;V
;2015;6049247;2009;6110460;2017;6050887;-
;2015;6061085;2016;6021406;2014;6070613;M
;2010;6357820;2007;6031645;2006;6033673;M
;2010;493;;;;;V
;2011;2071186;2005;2079799;2006;2075986;V
;2000;6345097;;;;;V
;2000;6419691;;;;;V
;2000;6480541;;;;;V
;2000;6480738;;;;;M
;2000;6485499;1997;6423539;1998;6429618;M
;1997;6423539;;;;;M
;1997;6467614;;;;;V
;1998;6335690;;;;;M
;1998;6396340;;;;;M
;1998;6425899;;;;;M
;2000;6540682;1999;6151752;1993;6383740;V
;2001;6041495;;;;;M
;2001;6151481;1998;6535619;1997;6364034;M
;2001;6151494;;;;;V
;2008;6178131;2001;6346044;2001;6346036;M
;2008;6179724;;;;;V
;2008;6201725;2005;6147603;2007;6191808;M
;2008;6201752;2001;6203463;2005;6147649;V
;2008;6201753;;;;;V
;2006;6033682;1997;6423539;1998;6429618;M
;2006;6033749;;;;;V
;2006;6033780;2000;6485499;2003;6255266;V
;2006;6033870;2004;6231892;2005;6221125;V
;2006;6033896;2000;6485500;2000;6540682;M
;2013;6060492;2012;6025886;2012;6023668;V
;2013;6060493;2012;6025886;2012;6023668;V
;2013;6060518;2013;6062074;2011;6115406;V
;2013;6060570;2006;6033896;2011;6115567;V
;2005;2079799;2004;2029292;2000;2047531;M
;2005;3006565;;;;;V
;2005;3083812;;;;;V
;2005;5124148;;;;;M
;2014;6070491;2003;6257240;2012;6023228;V
;2014;6070492;2007;6031645;2011;6115406;V
;2014;6070543;2008;6178055;2006;6033870;V
;2014;6070552;2007;6031645;2011;6115406;M
;2014;6070601;2010;6031709;2013;6060493;V
;2004;6307210;;;;;V
;2004;6307259;1998;6335690;1997;6407575;V
;2004;6307341;;;;;V
;2004;6356585;1993;6115827;2000;6529154;M
;2011;6119064;2005;6176121;2005;6176134;V
;2011;6119165;2009;6111599;2009;198;M
;2011;6132214;;;;;M
;2003;2183842;;;;;M
;2003;6103342;;;;;M
;2003;6104061;;;;;M
;1999;6563879;;;;;M
;2000;2047531;;;;;V
;2000;3272760;;;;;M
;2000;5270833;;;;;M
;2008;5369969;;;;;M
;2008;6094100;2003;1536568;2003;6488340;V
;2008;6118802;;;;;M
;2008;6155903;2003;6103342;2005;6080658;M
;2005;5369393;;;;;V
;2005;6080658;;;;;V
;2005;6105653;;;;;V
;2015;6046414;2014;6070977;2011;6115406;M
;2015;6046458;2015;6047589;2012;6233363;-
;2015;6046462;2014;6070615;2013;6060570;M
;2015;6046474;2007;6031700;2012;6233363;V
;2012;2036399;2005;2079799;2004;6307259;M
;2012;3095082;2007;3199999;2007;3034354;M
;2012;3168830;1999;3199708;2007;4361085;M
;2012;3691293;2008;5369969;2005;5369393;V
;2001;6345101;2000;6480738;1997;6421504;M
;2001;6346036;2000;6485499;2000;6485533;V
;2001;6346044;1999;6563879;1997;6423531;M
;2016;6021538;2008;6178055;2014;6070967;M
;2016;6021542;2010;6357819;2014;6070620;V
;2016;6021741;2008;6178055;2014;6070601;V
;2016;6021773;2015;6034016;2010;6031073;M
;2016;6021783;2015;6046485;2015;6279114;V
;2014;6072295;2012;2036399;2011;6119064;M
;2014;6072324;2011;2202859;2010;6031750;V
;2014;6075218;2008;6155903;2006;6397819;V
;2014;6078750;2007;6348410;2012;6238236;M
;2008;6383049;2001;6345101;2003;6257007;M
;2009;1480298;;;;;M
;2009;2035886;2005;2079799;2004;6307259;V
;2009;5186421;2005;5124148;2006;5010619;V
;2009;6031423;;;;;M
;1997;6407575;;;;;V
;1997;6421504;;;;;V
;1997;6423531;;;;;V
;2004;2029292;;;;;M
;2004;6082290;;;;;M
;2004;6095460;;;;;M
;2001;6176675;;;;;V
;2001;6180839;;;;;V
;2001;6180847;;;;;M
;2001;6203463;;;;;M
;2015;6285669;2011;6115535;2015;6233362;V
;2015;6285681;2002;6183083;2014;6070473;M
;2015;6285683;2008;6201725;2013;6056622;V
;2015;6285684;2008;6201725;2013;6056622;V
;2006;6033902;1998;6335690;2003;6257069;V
;2006;6073005;;;;;V
;2006;6108513;;;;;V
;2006;6145813;1996;4139270;2004;447052;M
;2012;6023720;2011;6115471;2006;6033902;V
;2012;6025884;2012;6023210;2011;6065070;V
;2012;6025885;2012;6023210;2011;6065070;V
;2011;6065070;2007;5003910;2010;6031946;V
;2011;6115319;2008;6178131;2006;6033780;V
;2011;6115344;2006;6033682;2006;6033902;V
;2010;6297668;2004;6095460;2006;6210255;V
;2010;6297742;;;;;M
;2010;6357819;2007;6031645;2006;6033673;M
;2007;3199999;;;;;M
;2007;4361085;;;;;V
;2007;5003910;2000;5270833;2002;5116113;M
;2007;6031603;2006;6033896;2005;6176678;M
;2007;6031626;2001;6346044;2001;6346036;M
;2016;6021800;2015;6034016;2015;6279114;V
;2016;6021902;2009;6111014;2014;6075218;M
;2016;6150521;;;;;M
;2016;6155530;;;;;V
;2016;6182184;2013;6312343;2013;6195135;V
;2005;6230022;2003;6104061;2002;6436037;M
;2005;6255657;2004;6360845;1996;6456408;V
;2005;6341163;1998;6335690;2004;6359992;V
;2005;6398933;;;;;V
;2002;6186046;1998;6425899;1999;6355127;V
;2002;6282504;;;;;M
;2002;6436037;;;;;V
;1999;6151752;;;;;M
;1999;6187332;;;;;V
;1999;6355127;;;;;V
;2001;6346181;;;;;V
;2001;6346427;;;;;V
;2002;4479161;;;;;M
;2002;5116113;;;;;V
;2015;6279114;2012;6207981;2014;6121646;V
;2015;6285324;2002;6183083;2014;6070491;V
;2015;6285666;2002;6183083;2014;6070491;V
;2017;6050716;2012;6025886;2012;6233363;M
;2017;6050717;2015;6046485;2014;6070601;M
;2017;6050719;2015;6046485;2014;6070601;M
;2017;6050722;2015;6046485;2010;6031073;V
;2017;6050724;2009;6110460;2012;6023685;-
;2014;6121646;2012;6207984;2008;6227921;V
;2014;6150479;;;;;M
;2014;6193173;;;;;M
;2014;6257320;;;;;V
;2012;6233363;2008;6383049;2008;6383036;V
;2012;6238236;2011;6132214;2009;6159408;V
;2012;6317294;;;;;M
;2013;4227987;2008;4022693;2012;4055618;V
;2006;6397819;2004;6303252;2001;6346427;V
;2007;3008385;1999;3172131;2002;9071523;V
;2007;3034354;;;;;V
;2009;6357220;2007;6206201;2007;6206280;M
;2009;198;2001;6041495;2002;515;V
;2010;3169150;2000;3272760;2005;3083812;V
;2010;6023340;2010;6297742;2009;2035886;M
;2002;6499038;;;;;M
;2002;8183083;;;;;M
;2002;9071523;;;;;V
;2002;515;;;;;V
;2005;6145205;2004;6082290;2001;6151494;V
;2005;6147603;1997;6354086;1997;6467614;M
;2005;6147649;;;;;V
;2005;6176121;2000;6535572;2002;6183145;M
;2005;6176134;2001;6345101;2003;6257007;V
;2003;6108015;;;;;V
;2003;6226043;;;;;M
;2003;6226397;;;;;V
;2003;6255266;;;;;V
;2003;6257007;2002;6183100;2000;6480541;V
;2008;6259526;2001;6180847;2001;6180839;V
;2008;6368911;2000;6485499;2006;6033780;-
;2008;6373622;2004;6217208;2001;6176675;M
;2008;6383036;2003;6257098;2007;6242318;V
;2007;6242318;;;;;V
;2007;6348409;;;;;M
;2007;6348410;2002;6282504;2000;6419691;M
;2008;4022693;;;;;M
;2017;6050858;2015;6069150;2010;6031073;V
;2017;6050860;2015;6159142;2015;6285669;M
;2017;6050863;2009;6110460;2011;6115344;M
;2017;6050693;2015;6046485;2012;6233362;V
;2017;6050695;2007;6031645;2011;6115344;V
;2017;6050708;2015;6285681;2014;6070491;V
;2017;6050715;2012;6025886;2012;6233363;M
;2018;6061266;2009;6110460;2014;6070491;M
;2018;6061267;2009;6110460;2014;6070491;V
;2018;6061268;2014;6070615;2015;6285669;-
;2018;6061270;2015;6048785;2015;6046492;M
;2018;6061055;2010;6357820;2012;6233363;-
;2018;6061056;2010;6357820;2012;6233363;-
;2018;6061070;2010;6357820;2014;6070620;M
;2018;6061262;2016;6021538;2015;6285669;-
;2018;6061263;2014;6070632;2015;6279114;-
;2018;6061264;2014;6070632;2015;6279114;-
;2018;6061042;2009;6110460;2011;6115344;-
;2018;6061043;2009;6110460;2011;6115344;-
;2018;6061044;2015;6159142;2011;6115319;-
;2018;6061047;2015;6046485;2014;6070601;-
;2018;6061048;2008;6178055;2012;6023685;-
;2018;6061049;2008;6178055;2012;6023685;-
;2018;6061051;2015;6069150;2012;6023720;-
;2018;6061113;2015;6047589;2016;6021800;-
;2018;6061114;2009;6110460;2011;6115344;V
;2018;6061115;2015;6048785;2010;6031073;-
;2017;6053632;2008;6178130;2014;6070491;M
;2017;6053633;2008;6178130;2014;6070491;M
;2017;6053635;2013;6228069;;;V
;2017;6053639;;;;;M
;2018;6061276;2014;6070632;2014;6070601;M
;2018;6061279;2017;6050736;2015;6046474;M
;2018;6061283;2015;6285681;2017;6053647;V
;2018;6061291;2017;6053633;2015;6285684;-
;2018;6061292;2017;6053633;2015;6285684;M
;2018;6061687;2015;6047589;2015;6046474;-
;2014;6070620;2011;6119165;2011;6115567;V
;2014;6070628;2012;6023227;2012;6023622;M
;2014;6070632;2010;6357819;2011;2071186;M
;2014;6070633;2010;6357819;2011;2071186;M
;2009;6111014;2005;6176801;2002;6186046;M
;2009;6111599;1998;6335690;2008;6259169;M
;2008;6227921;;;;;V
;2008;6259169;;;;;V
;1997;6354086;;;;;M
;1997;6362266;;;;;V
;1997;6364034;;;;;V
;2013;6297664;2007;6209869;2006;6278522;V
;2013;6306231;2011;6058551;2007;6189411;V
;2013;6306232;;;;;M
;2013;6306235;;;;;-
;2013;6307232;;;;;V
;2011;2076110;;;;;V
;2011;2202859;;;;;M
;2011;5140795;;;;;V
;2011;6031921;2009;6159491;2010;6075741;V
;2011;6058551;2004;6269608;2008;6094100;M
;2016;6021377;2010;6357820;2012;6233363;V
;2016;6021406;2007;6031645;2011;6115406;M
;2016;6021485;2013;6060405;2011;6115319;V
;2016;6021491;2014;6070615;2012;6023685;V
;2015;6069150;2010;6075762;2011;6031921;M
;2015;6159142;2014;6078750;2013;6297664;M
;2015;6204628;2013;6202950;2012;6079884;M
;2017;6050870;2016;6021902;2015;6046492;V
;2017;6050871;2016;6021902;2015;6046492;V
;2017;6050875;2014;6070977;2014;6070491;V
;2017;6050886;2014;6070632;2012;6233363;V
;2018;6016684;2007;6031645;2014;6070491;M
;2018;6016685;2007;6031645;2014;6070491;M
;2018;6016686;2015;6048785;2014;6070473;M
;2018;6016687;2015;6048785;2014;6070473;V
;2018;6061206;2016;6021406;2015;6285684;-
;2018;6061207;2016;6021406;2015;6285684;-
;2018;6061224;2008;6178131;2012;6025884;-
;2018;6061271;2015;6048785;2014;6070491;-
;2018;6061272;2014;6070615;2015;6285669;-
;2018;6061273;2009;6110460;2011;6115344;V
;2018;6064732;2015;6046485;2015;6285683;-
;2018;6064733;2015;6034016;2015;6285324;-
;2018;6064734;2015;6034016;2015;6285324;-
;2018;6064735;2009;6110460;2011;6115344;M
;2018;6064736;2009;6110460;2011;6115344;V
;2018;6064749;2015;6048785;2014;6070473;M
;2018;6064750;2015;6048785;2014;6070473;M
;2018;6064751;2015;6048785;2013;6060570;-
;2018;6064742;2017;6053633;2015;6279114;-
;2018;6064743;2017;6053633;2015;6279114;-
;2018;6064744;2007;6031645;2012;6023720;V
;2018;6064737;2009;6110460;2011;6115344;-
;2018;6064738;2006;6033896;2011;6115344;-
;2018;6064739;2015;6069150;2015;6046474;-
;2018;6064740;2017;6053632;2016;6021800;-
;2018;6064741;2017;6053632;2016;6021800;-
;2018;6064581;2008;6178130;2015;6285683;-
;2018;6064582;2008;6178130;2015;6285683;-
;2018;6064583;2009;6110460;2011;6115344;-
;2018;6064584;2014;6070632;2015;6047585;-
;2018;6064585;2015;6046485;2012;6023685;-
;2018;6064586;2015;6046485;2012;6023685;-
;2018;6064587;2015;6048785;2013;6060570;-
;2018;6064588;2015;6048785;2013;6060570;-
;2018;6064589;2006;6033896;2012;6023720;-
;2018;6064590;2006;6033896;2012;6023720;-
;2018;6064591;2007;6031645;2014;6070967;-
;2018;6064592;2007;6031645;2014;6070967;-
;2018;6064593;2015;6159142;2011;6115319;-
;2018;6064594;2015;6159142;2011;6115319;-
;2018;6064595;2016;6021406;2015;6285684;-
;2018;6064596;2016;6021406;2015;6285684;-
;2018;6064597;2017;6053632;2011;6115567;-
;2018;6064598;2017;6053632;2011;6115567;-
;2018;6064599;2014;6070632;2015;6047585;-
;2018;6064600;2014;6070970;2017;6050871;-
;2018;6064601;2010;6357820;2012;6233362;-
;2018;6064602;2010;6357820;2012;6233362;-
;2018;6064603;2017;6050639;2017;6050870;-
;2017;6053646;2007;6031700;2014;6070473;V
;2017;6053647;2007;6031700;2014;6070473;V
;2017;6053837;2015;6034016;2012;6023685;M
;2017;6167457;2011;6323814;2014;6257320;M
;2018;6064604;2017;6050639;2017;6050870;-
;2018;6064605;2008;6178131;2012;6025884;-
;2018;6064606;2008;6178131;2012;6025884;-
;2018;6064607;2007;6031700;2014;6070620;-
;2018;6064608;2007;6031700;2014;6070620;-
;2018;6064609;2014;6070615;2015;6285669;-
;2018;6064610;2014;6070615;2015;6285669;-
;2018;6064611;2015;6047589;2015;6046474;-
;2018;6064612;2015;6047589;2015;6046474;-
;2018;6064613;2016;6021773;2014;6070601;-
;2018;6064614;2016;6021773;2014;6070601;-
;2018;6064615;2016;6021902;2016;6021800;-
;2018;6064616;2016;6021902;2016;6021800;-
;2018;6064617;2015;6285681;2010;6031073;-
;2018;6064618;2015;6285681;2010;6031073;-
;2018;6064619;2010;6357819;2014;6070968;-
;2018;6064620;2010;6357819;2014;6070968;-
;2018;6064621;2015;6034016;2015;6285324;-
;2018;6064622;2015;6034016;2015;6285324;-
;2018;6064623;2017;6053633;2015;6279114;-
;2018;6064624;2017;6053633;2015;6279114;-
;2018;6064625;2015;6069150;2012;6233363;-
;2018;6064626;2015;6069150;2012;6233363;-
;2018;6064627;2012;6025885;2016;6021542;-
;2018;6064628;2012;6025885;2016;6021542;-
;2018;6064629;2017;6050900;2015;6046492;-
;2018;6064630;2017;6050900;2015;6046492;-
;2011;6115490;;;;;M
;2011;6115535;2007;6031645;2010;493;M
;2011;6115567;2007;6031645;2003;6257007;V
;2011;6115568;2007;6031645;2003;6257007;V
;2011;6115647;;;;;M
;2018;6064797;2016;6021406;2015;6285684;-
;2018;6064798;2017;6050690;2015;6285666;-
;2018;6064799;2015;6046485;2012;6023685;-
;2018;6064752;2015;6048785;2013;6060570;-
;2018;6064753;2012;6025885;2016;6021542;-
;2018;6064754;2012;6025885;2016;6021542;-
;2018;6064755;2009;6110460;2011;6115344;-
;2018;6064775;2008;6178131;2012;6025884;-
;2018;6064776;2008;6178131;2012;6025884;-
;2018;6064777;2010;6357820;2012;6233362;-
;2018;6064772;2007;6031700;2014;6070620;-
;2018;6064773;2014;6070615;2015;6285669;-
;2018;6064774;2014;6070615;2015;6285669;-
;2018;6064765;2015;6047589;2015;6046474;-
;2018;6064766;2015;6047589;2015;6046474;-
;2018;6064767;2015;6034016;2015;6285324;-
;2018;6064756;2009;6110460;2011;6115344;-
;2018;6064757;2016;6021773;2014;6070601;-
;2018;6064758;2016;6021773;2014;6070601;-
;2018;6064759;2007;6031645;2014;6070967;-
;2018;6064760;2007;6031645;2014;6070967;-
;2018;6064761;2015;6159142;2011;6115319;-
;2018;6064762;2015;6159142;2011;6115319;-
;2018;6064763;2014;6070632;2015;6047585;-
;2018;6064764;2014;6070632;2015;6047585;-
;2018;6064768;2015;6034016;2015;6285324;-
;2018;6064769;2010;6357819;2014;6070968;-
;2018;6064770;2010;6357819;2014;6070968;-
;2018;6064771;2007;6031700;2014;6070620;-
;2018;6064778;2010;6357820;2012;6233362;-
;2018;6064779;2006;6033896;2012;6023720;-
;2018;6064780;2006;6033896;2012;6023720;-
;2018;6064781;2008;6178130;2015;6285683;-
;2018;6064782;2008;6178130;2015;6285683;-
;2018;6064783;2017;6053632;2011;6115567;-
;2018;6064784;2017;6053632;2011;6115567;-
;2018;6064785;2017;6053633;2015;6279114;-
;2018;6064786;2017;6053633;2015;6279114;-
;2018;6064787;2015;6069150;2012;6233363;-
;2018;6064788;2015;6069150;2012;6233363;-
;2018;6064789;2017;6050639;2017;6050870;-
;2018;6064790;2017;6050639;2017;6050870;-
;2018;6064791;2017;6050900;2015;6046492;-
;2018;6064792;2017;6050900;2015;6046492;-
;2018;6064793;2014;6070970;2017;6050871;-
;2018;6064794;2014;6070970;2017;6050871;-
;2018;6064795;2016;6021902;2016;6021800;-
;2018;6064796;2016;6021406;2015;6285684;-
;2018;6064800;2015;6046485;2012;6023685;-
;2018;6116682;2015;6159142;2011;6115319;-
;2018;6116683;2017;6050639;2015;6285684;M
;2018;6061098;2008;6178130;2012;6025884;-
;2018;6061101;2014;6070615;2015;6285669;M
;2018;6061111;2015;6048785;2014;6070492;-
;2018;6061112;2015;6047589;2016;6021800;-
;2018;6064745;2016;6021773;2012;6023720;-
;2018;6064746;2015;6048785;2011;6115319;-
;2018;6064747;2007;6031645;2014;6070491;V
;2018;6064748;2007;6031645;2014;6070491;V
;2018;6016690;2015;6046485;2014;6070473;V
;2018;6016691;2015;6046485;2014;6070473;M
;2018;6016692;2015;6034016;2015;6285324;-
;2018;6016693;2014;6070632;2014;6070601;-
;2018;6016688;2015;6285681;2014;6070491;M
;2018;6016689;2015;6285681;2014;6070491;M
;2018;6137062;2009;6110460;2011;6115344;M
;2018;6137063;2010;6357820;2011;6115319;V
;2018;6137066;2008;6178130;2015;6285666;-
;2018;6137068;2007;6031645;2014;6070491;V
;2018;6064693;2014;6070632;2014;6070601;-
;2018;6064694;2014;6070615;2015;6048786;-
;2018;6064731;2015;6046485;2015;6285683;-
;2018;6137078;2010;6357819;2011;6115344;-
;2018;6137079;2010;6357819;2011;6115344;-
;2018;6137080;2015;6048785;2015;6046492;M
;2018;6016694;2008;6178130;2013;6306232;M
;2018;6034607;2013;6314344;2013;6051147;M
;2018;6061009;2016;6021773;2014;6070601;M
;2018;6061012;2015;6285681;2014;6070601;V
;2018;6061013;2017;6053633;2015;6279114;M
;2018;6137070;2015;6046485;2012;6025885;V
;2018;6137071;2008;6178131;2014;6070601;-
;2018;6137073;2015;6034016;2015;6285324;V
;2018;6137075;2008;6178130;2015;6285683;M
;2018;6137077;2006;6033896;2015;6285684;V
;2018;6061117;2016;6021773;2016;6021377;-
;2018;6061125;2015;6285681;2012;6025885;V
;2018;6061147;2013;6306235;2013;6306232;V
;2018;6061153;2015;6046485;2012;6025885;V
;2011;6140803;2008;6373622;2008;6259526;M
;2011;6140809;;;;;M
;2011;6191099;;;;;M
;2018;6016681;2015;6159142;2011;6115319;-
;2018;6016682;2015;6159142;2011;6115319;-
;2018;6016683;2017;6050639;2015;6285684;M
;2017;6050628;2010;6357819;2014;6070967;V
;2017;6050638;2013;6060405;2014;6070952;M
;2017;6050639;2015;6034016;2012;6023685;M
;2018;6061017;2017;6050639;2017;6050870;M
;2018;6061020;2008;6178131;2012;6025884;M
;2018;6061028;2014;6070632;2015;6047585;V
;2018;6061029;2017;6050736;2017;6050875;V
;2018;6061036;2015;6046485;2012;6023685;V
;2014;6070613;2011;6119165;2011;6115567;V
;2014;6070615;2012;6023206;2013;6060492;M
;2014;6070618;2009;6181228;2013;6060518;V
;2018;6137081;2015;6048785;2015;6046492;V
;2018;6137082;2015;6048785;2011;6115319;M
;2018;6137083;2015;6048785;2011;6115319;-
;2018;6148771;2015;6069150;2014;6070952;-
;2013;6307235;;;;;M
;2013;6312343;;;;;M
;2013;6314344;2011;6191099;2006;6108513;M
;2013;6319574;2007;6031645;2012;6233363;M
;2014;2149347;;;;;V
;2016;6267990;2015;6204663;2015;6204719;V
;2016;6267993;2015;6204628;2013;4227987;M
;2016;6306235;;;;;M
;2017;1162140;;;;;M
;2018;6061157;2008;6178131;2012;6025884;-
;2018;6061174;2016;6021406;2016;6021542;-
;2018;6061185;2012;6317294;2013;6306231;-
;2013;6062074;2008;6177698;2011;2076110;M
;2013;6096533;2006;6154676;2009;5186421;V
;2013;6195135;;;;;V
;2019;6035240;2015;6285681;2015;6046474;-
;2019;6035241;2015;6285681;2015;6046474;-
;2019;6035242;2017;6050727;2012;6023685;-
;2019;6035249;2010;6357820;2015;6285324;-
;2019;6035252;2007;6031700;2014;6070601;-
;2019;6035253;2007;6031700;2014;6070601;-
;2019;6035254;2010;6357819;2014;6070967;-
;2019;6035221;2017;6053632;2012;6233363;-
;2019;6035222;2014;6070615;2010;6031073;-
;2019;6035223;2017;6053633;2016;6021542;-
;2019;6035215;2014;6070615;2015;6285669;-
;2019;6035216;2014;6070615;2015;6285669;-
;2019;6035217;2016;6021773;2014;6070618;-
;2019;6035246;2015;6047589;2014;6070620;-
;2019;6035247;2015;6047589;2014;6070620;-
;2019;6035248;2010;6357820;2015;6285324;-
;2019;6035255;2010;6357819;2014;6070967;-
;2019;6035256;2016;6021406;2011;6115319;-
;2019;6035257;2016;6021406;2011;6115319;-
;2019;6035258;2017;6050736;2015;6285666;-
;2019;6035232;2007;6031700;2010;6031073;-
;2019;6035233;2009;6110460;2013;6060570;-
;2019;6035234;2014;6070632;2015;6047585;-
;2019;6035235;2014;6070632;2015;6047585;-
;2019;6035238;2015;6047589;2014;6070968;-
;2019;6035239;2015;6034016;2014;6070968;-
;2019;6035218;2010;6357819;2006;6033673;-
;2019;6035219;2017;6050900;2015;6046492;-
;2019;6035220;2013;6060405;2015;6046492;-
;2019;6035192;2017;6053501;2015;6046580;-
;2019;6035193;2014;6070970;2012;6025885;-
;2019;6035194;2015;6159142;2010;6031073;-
;2019;6035195;2015;6159142;2010;6031073;-
;2019;6035224;2015;6048785;2015;6285684;-
;2019;6035225;2016;6267993;2016;6267990;-
;2019;6035226;2015;6046462;2017;6050870;-
;2019;6035227;2014;6070615;2015;6046474;M
;2019;6035228;2008;6178130;2015;6279114;-
;2019;6035229;2015;6069150;2015;6279114;-
;2019;6035230;2017;6050639;2012;6025884;-
;2019;6035231;2007;6031700;2010;6031073;-
;2015;6046485;2007;6031645;2014;6070968;M
;2015;6046492;2007;6031645;2014;6070968;V
;2015;6046580;2014;6150479;2014;2149347;V
;2017;6050736;2015;6046485;2014;6070967;M
;2017;6050737;2015;6046485;2014;6070967;M
;2017;6050853;2015;6047589;2014;6070492;M
;2017;6050725;2010;6357820;2011;6115319;M
;2017;6050727;2008;6178131;2014;6070613;-
;2019;6035243;2017;6050727;2012;6023685;-
;2019;6035244;2006;6033896;2012;6023720;-
;2019;6035245;2006;6033896;2012;6023720;-
;2019;6035236;2014;6070726;2017;6050887;-
;2019;6035237;2014;6070726;2017;6050887;-
;2019;6035259;2010;6357819;2015;6285666;-
;2019;6035260;2016;6021406;2013;6060570;-
;2019;6035261;2016;6021406;2013;6060570;-
;2019;6053261;2015;6047589;2014;6070620;-
;2019;6053262;2017;6050725;2012;6023685;-
;2019;6053263;2017;6050725;2012;6023685;-
;2019;6053264;2016;6021902;2016;6021542;-
;2019;6053265;2016;6021902;2016;6021542;-
;2019;6053266;2016;6021773;2017;6050870;-
;2019;6053267;2016;6021773;2017;6050870;-
;2019;6053268;2017;6050727;2017;6050887;-
;2019;6053269;2017;6050727;2017;6050887;-
;2019;6053270;2014;6070632;2015;6047585;-
;2019;6204652;2017;6050618;2015;6047585;-
;2019;6204666;2012;6025885;2017;6050875;-
;2018;6161207;2016;6021406;2015;6285684;-
;2019;3035263;2015;6048785;2011;6115344;-
;2019;6030180;2013;6314344;2013;6051147;M
;2019;6034341;2015;6285681;2015;6047585;-
;2019;6034392;2016;6021773;2012;6023720;-
;2019;6035196;2017;6053632;2011;6115319;V
;2019;6035197;2016;6021902;2016;6021542;-
;2019;6035198;2014;6070615;2010;6031073;-
;2019;6035064;2007;6031700;2010;6031073;-
;2019;6035065;2015;6069150;2015;6285324;M
;2019;6035067;2017;6053632;2011;6115319;V
;2019;6035068;2010;6357820;2012;6023720;V
;2019;6035074;2010;6357819;2011;6115319;V
;2019;6053250;2015;6047584;2014;6070613;-
;2019;6053251;2015;6047584;2014;6070613;-
;2019;6053260;2015;6047589;2014;6070620;-
;2019;6035393;2017;6053632;2017;6050887;-
;2019;6035394;2017;6053632;2016;6021542;V
;2019;6035395;2017;6053632;2017;6050887;-
;2016;6021361;2015;6034016;2010;6031073;V
;2016;6021374;2015;6285681;2014;6070967;V
;2019;6035262;2015;6048785;2011;6115344;-
;2019;6035265;2016;6021902;2016;6021800;-
;2019;6035266;2016;6021902;2016;6021800;-
;2019;6035267;2009;6110460;2014;6070601;-
;2019;6035268;2009;6110460;2014;6070601;-
;2019;6035269;2016;6021773;2011;6115319;-
;2019;6035270;2016;6021773;2011;6115319;-
;2019;6035271;2015;6046485;2012;6023685;-
;2019;6035272;2015;6046485;2012;6023685;-
;2019;6035273;2015;6159142;2010;6031073;-
;2019;6035274;2015;6159142;2010;6031073;-
;2019;6035275;2007;6031645;2014;6070967;-
;2019;6035276;2007;6031645;2014;6070967;-
;2019;6035277;2015;6285681;2015;6047585;-
;2019;6035278;2015;6285681;2015;6047585;-
;2019;6035279;2017;6050736;2015;6285324;-
;2019;6035280;2017;6050736;2015;6285324;-
;2019;6035281;2008;6178131;2015;6285683;-
;2019;6035282;2008;6178131;2015;6285683;-
;2019;6035283;2008;6178130;2012;6025884;-
;2019;6035284;2008;6178130;2012;6025884;-
;2019;6035285;2014;6070632;2014;6070968;-
;2019;6035286;2014;6070632;2014;6070968;-
;2019;6035287;2015;6069150;2012;6233363;-
;2019;6035288;2015;6069150;2012;6233363;-
;2019;6035289;2012;6025885;2016;6021542;-
;2019;6035290;2014;6070615;2017;6050871;-
;2019;6035291;2017;6050618;2015;6285684;-
;2019;6035292;2017;6050618;2015;6285684;-
;2019;6035293;2007;6031700;2014;6070473;-
;2019;6035294;2007;6031700;2014;6070473;-
;2019;6035295;2015;6047589;2014;6070620;-
;2019;6035296;2015;6047589;2014;6070620;-
;2019;6035297;2017;6050900;2015;6046492;-
;2019;6035298;2017;6050900;2015;6046492;-
;2019;6035299;2017;6050639;2014;6070491;-
;2019;6035300;2017;6053633;2011;6115567;-
;2019;6035301;2016;6021773;2012;6023720;-
;2019;6035302;2010;6357819;2015;6285666;-
;2018;6061073;2014;6070615;2012;6023720;M
;2018;6061081;2009;6110460;2011;6115344;V
;2018;6061085;2016;6021406;2014;6070613;M
;1991;6395755;;;;;M
;1993;6115827;;;;;M
;1993;6383740;;;;;V
;1994;6495178;;;;;M
;0;5;2009;6110460;2014;6070601;-
;0;6;2016;6021773;2011;6115319;-
;0;7;2015;6046485;2012;6023685;-
;0;8;2015;6159142;2010;6031073;-
;0;9;2007;6031645;2014;6070967;-
;0;10;2015;6285681;2015;6047585;-
;0;11;2017;6050736;2015;6285324;-
;0;12;2013;6060405;2015;6285683;-
;0;13;2008;6178130;2012;6025884;-
;0;14;2014;6070632;2014;6070968;-
;0;15;2015;6069150;2012;6233363;-
;0;16;2012;6025885;2016;6021542;-
;0;17;2014;6070615;2017;6050871;-
;0;18;2017;6050618;2015;6285684;-
;0;19;2007;6031700;2014;6070473;-
;0;20;2015;6047589;2014;6070620;-
;0;21;2017;6050900;2015;6046492;-
;0;22;2017;6050639;2014;6070491;-
;0;23;2010;6357820;2012;6023720;-
;0;24;2006;6033896;2014;6070492;-
;0;25;2015;6034016;2015;6046474;-
;0;26;2017;6053632;2017;6050887;-
;0;27;2017;6053633;2012;6233362;-
;1989;6402273;;;;;M
;2008;6177698;1998;6335690;2007;6033110;M
;2008;6178041;2007;6031669;2006;6033749;M
;2008;6178055;2000;6485500;2000;6540682;M
;2008;6178130;2001;6346044;2001;6346036;M
;2009;6219144;2005;6230022;2006;6073005;V
;2009;6220581;2008;6118802;2008;6179724;M
;2017;6034724;2009;6220581;2016;6182184;M
;2017;6050305;2010;6357820;2015;6046474;-
;2017;6050617;2016;6021902;2015;6046492;M
;2017;6050618;2016;6021902;2015;6046492;M
;2019;6035199;2008;6178131;2015;6046474;-
;2019;6035200;2009;6110460;2015;6285324;V
;2019;6035201;2017;6053507;2014;6070967;M
;2019;6035202;2011;6115647;2014;6070601;-
;2019;6035203;2011;6115647;2014;6070601;-
;2009;6110460;2001;6151481;2005;6145205;M
;2009;6110611;2008;6178055;2006;6033673;V
;2000;6485570;1997;6423539;1998;6429618;V
;2000;6529154;;;;;V
;2000;6535572;;;;;M
;2006;2075986;2003;2183842;2005;3006565;V
;2006;3008003;;;;;M
;2006;5010619;;;;;V
;2006;6033602;;;;;M
;2006;6033673;2005;6176491;2005;6176661;V
;2019;6035001;2014;6070552;2014;6070491;V
;2019;6035004;2016;6021902;2015;6046492;V
;2019;6035012;2017;6050736;2017;6050875;V
;2019;6035013;2016;6021406;2014;6070473;M
;2017;6050887;2014;6070632;2012;6233363;V
;2017;6050900;2006;6033896;2015;6285684;M
;2017;6051742;2014;6070632;2012;6025885;V
;2017;6053501;2016;6267993;2013;6306231;M
;2019;6035303;2010;6357819;2015;6285666;-
;2019;6035304;2016;6021406;2013;6060570;-
;2019;6035305;2016;6021406;2013;6060570;-
;2019;6035306;2015;6048785;2011;6115344;-
;2019;6035307;2015;6048785;2011;6115344;-
;2019;6035308;2015;6046485;2012;6023685;-
;2019;6035309;2015;6046485;2012;6023685;-
;2019;6035310;2014;6070632;2014;6070968;-
;2019;6035311;2014;6070632;2014;6070968;-
;2019;6035312;2008;6178130;2012;6025884;-
;2019;6035313;2008;6178130;2012;6025884;-
;2019;6035314;2012;6025885;2016;6021542;-
;2019;6035315;2012;6025885;2016;6021542;-
;2019;6035316;2016;6021773;2011;6115319;-
;2019;6035317;2016;6021773;2011;6115319;-
;2019;6035318;2017;6050639;2014;6070491;-
;2019;6035319;2017;6050639;2014;6070491;-
;2019;6035320;2015;6034016;2015;6046474;-
;2019;6035321;2015;6034016;2015;6046474;-
;2019;6035322;2009;6110460;2014;6070601;-
;2019;6035323;2009;6110460;2014;6070601;-
;2019;6035324;2015;6047589;2014;6070620;-
;2019;6035325;2015;6047589;2014;6070620;-
;2019;6035326;2010;6357820;2012;6023720;-
;2019;6035327;2010;6357820;2012;6023720;-
;2019;6035328;2015;6285681;2015;6047585;-
;2019;6035329;2015;6285681;2015;6047585;-
;2019;6035330;2014;6070615;2014;6070492;M
;2019;6035331;2010;6357819;2015;6285666;-
;2019;6035332;2010;6357819;2015;6285666;-
;2019;6035333;2012;6025885;2016;6021542;-
;2019;6035334;2012;6025885;2016;6021542;-
;2019;6035335;2014;6070632;2014;6070952;-
;2019;6035336;2014;6070632;2014;6070952;-
;2019;6035337;2008;6178130;2012;6025884;-
;2019;6035338;2008;6178130;2012;6025884;-
;2019;6035339;2016;6021406;2013;6060570;-
;2019;6035340;2016;6021406;2013;6060570;-
;2019;6035341;2015;6285681;2015;6047585;-
;2019;6035342;2015;6285681;2015;6047585;-
;2019;6035343;2016;6021773;2011;6115319;-
;2019;6035344;2016;6021773;2011;6115319;-
;2019;6035345;2015;6047589;2014;6070620;-
;2019;6035346;2015;6047589;2014;6070620;-
;2019;6035347;2015;6048785;2011;6115344;-
;2019;6035348;2015;6048785;2011;6115344;-
;2019;6035349;2009;6110460;2014;6070601;-
;2019;6035350;2009;6110460;2014;6070601;-
;2019;6035351;2010;6357820;2012;6023720;-
;2019;6035352;2010;6357820;2012;6023720;-
;2019;6035353;2015;6034016;2015;6046474;-
;2019;6035354;2015;6034016;2015;6046474;-
;2019;6035355;2017;6050736;2015;6285324;-
;2019;6035356;2017;6050736;2015;6285324;-
;2019;6035357;2015;6159142;2010;6031073;-
;2019;6035358;2015;6159142;2010;6031073;-
;2019;6035359;2007;6031700;2014;6070473;-
;2019;6035360;2017;6050618;2015;6285684;-
;2019;6035361;2017;6050618;2015;6285684;-
;2019;6035362;2015;6069150;2012;6233363;-
;2019;6035363;2015;6069150;2012;6233363;-
;2019;6035364;2015;6159142;2010;6031073;-
;2019;6035365;2015;6159142;2010;6031073;-
;2019;6035366;2014;6070632;2014;6070968;-
;2019;6035367;2014;6070632;2014;6070968;-
;2019;6035368;2015;6047589;2014;6070620;-
;2019;6035369;2015;6047589;2014;6070620;-
;2019;6035370;2007;6031700;2014;6070473;-
;2019;6035371;2007;6031700;2014;6070473;-
;2019;6035373;2014;6070615;2015;6285684;-
;2019;6035374;2016;6021773;2011;6115319;-
;2019;6035375;2016;6021773;2011;6115319;-
;2019;6035376;2017;6050618;2015;6285683;-
;2019;6035377;2017;6050618;2015;6285683;-
;2019;6035378;2010;6357820;2012;6023720;-
;2019;6035379;2010;6357820;2012;6023720;-
;2019;6035380;2017;6050639;2014;6070491;-
;2019;6035381;2017;6050639;2014;6070491;-
;2019;6035382;2015;6034016;2015;6046474;-
;2019;6035383;2015;6034016;2015;6046474;-
;2019;6035384;2010;6357819;2015;6285666;-
;2018;6061234;2015;6069150;2015;6046492;M
;2018;6061256;2009;1480298;2016;6155530;-
;2018;6061258;2014;6070615;2016;6021542;M
;2018;6061261;2015;6285681;2010;6031073;-
;2018;6061285;2017;6053632;2014;6070967;V
;2018;6061286;2017;6053632;2014;6070967;V
;2018;6061289;2017;6167457;2012;6025884;V
;2019;6035075;2016;6021902;2015;6046492;V
;2019;6035083;2015;6046485;2017;6053647;M
;2019;6035086;2014;6070615;2010;6031073;-
;2019;6035035;2017;6050725;2014;6070967;V
;2019;6035039;2010;6357820;2017;6174354;V
;2019;6035041;2015;6285681;2014;6070491;-
;2019;6035050;2017;6050618;2014;6070601;V
;2019;6035054;2014;6070977;2014;6070492;V
;2019;6240603;2016;6021406;2017;6050677;-
;2019;6240604;2016;6021406;2017;6050677;-
;2019;6240605;2015;6048785;2011;6115344;-
;2019;6240606;2015;6048785;2011;6115344;-
;2019;6240607;2015;6159142;2010;6031073;-
;2019;6240608;2015;6159142;2010;6031073;-
;2019;6240609;2015;6046485;2012;6023685;-
;2019;6240610;2015;6046485;2012;6023685;-
;2019;6240611;2014;6070632;2014;6070968;-
;2019;6240612;2008;6178131;2017;6050887;-
;2019;6240613;2009;6110460;2014;6070601;-
;2019;6240614;2009;6110460;2014;6070601;-
;2019;6240615;2012;6025885;2016;6021542;-
;2019;6240616;2012;6025885;2016;6021542;-
;2019;6240617;2007;6031645;2014;6070967;-
;2019;6240618;2007;6031645;2014;6070967;-
;2019;6240619;2007;6031700;2014;6070473;-
;2019;6240620;2008;6178130;2012;6025884;-
;2019;6240621;2015;6285681;2015;6047585;-
;2019;6240622;2015;6285681;2015;6047585;-
;2019;6240623;2017;6050724;2015;6046474;-
;2019;6240624;2017;6050724;2015;6046474;-
;2019;6240625;2017;6050727;2015;6285324;-
;2019;6240626;2017;6050727;2015;6285324;-
;2019;6240627;2016;6021773;2011;6115319;-
;2019;6240628;2016;6021773;2011;6115319;-
;2019;6240629;2015;6047589;2014;6070620;-
;2019;6240630;2015;6047589;2014;6070620;-
;2019;6240631;2013;6060405;2015;6285684;-
;2019;6240632;2013;6060405;2015;6285684;-
;2019;6240633;2015;6069150;2012;6233363;-
;2019;6240634;2015;6069150;2012;6233363;-
;2019;6240635;2015;6034016;2017;6050887;-
;2019;6240636;2015;6034016;2017;6050887;-
;2019;6240637;2017;6053837;2014;6070491;-
;2019;6240638;2017;6053837;2014;6070491;-
;2019;6240639;2017;6053632;2012;6233362;-
;2019;6240640;2017;6053632;2012;6233362;-
;2019;6240641;2010;6357820;2012;6023720;-
;2019;6240642;2010;6357820;2012;6023720;-
;2019;6240643;2017;6050618;2015;6285683;-
;2019;6240644;2017;6050618;2015;6285683;-
;2019;6240645;2014;6070615;2017;6050871;-
;2019;6240646;2014;6070615;2017;6050871;-
;2019;6240647;2017;6050900;2015;6046492;-
;2019;6240648;2017;6050900;2015;6046492;-
;2019;6240649;2017;6050737;2014;6070492;-
;2019;6240650;2017;6050737;2014;6070492;-
;2019;6240652;2017;6050618;2015;6047585;V
;2019;6035167;2009;6110460;2011;6115344;-
;2019;6035178;2017;6050618;2015;6285683;M
;2019;6035179;2017;6050618;2015;6285683;M
;2019;6035184;2007;6031700;2014;6070620;M
;2019;6035091;2015;6048785;2011;6115344;V
;2019;6035099;2018;6061091;2015;6285324;V
;2019;6035109;2017;6050736;2017;6050677;M
;2019;6035110;2017;6050736;2017;6050677;M
;2019;6035133;2009;6110460;2017;6050886;M
;2019;6035134;2009;6110460;2017;6050886;M
;2019;6035141;2017;6050725;2014;6070601;M
;2014;6285324;2002;6183083;2014;6070491;V
;2015;6034016;2011;6140803;2009;6219144;M
;2015;6035358;2015;6159142;2010;6031073;-
;2013;4281063;;;;;V
;2013;6051147;2011;6140809;2007;6044245;V
;2013;6056622;1997;6354086;1997;6467614;V
;2013;6060405;2007;6031645;2006;6033673;M
;2013;6202950;;;;;M
;2013;6202981;2012;4019241;;;V
;2013;6228069;;;;;M
;2012;4019241;;;;;M
;2012;4055618;;;;;V
;2015;6204663;2012;4019241;2013;6202981;-
;2015;6204719;2014;6193173;2013;4281063;V
;2015;6233362;2008;6383049;2008;6383036;V
;2014;3076106;2012;3168830;2012;3691293;V
;2014;3156000;2006;3008003;2012;6023303;M
;2014;6022698;2005;6221277;2011;6261694;M
;2014;6070473;2003;6257240;2012;6023228;V
;2004;6217208;;;;;M
;2004;6231892;;;;;M
;2004;6269608;1989;6402273;1996;6619550;M
;2004;6303252;;;;;M
;2015;6046633;2013;6319574;2014;6070543;-
;2015;6046638;2014;6070633;2011;6115568;-
;2015;6046646;2014;6070628;2010;6031073;-
;2005;6176801;1991;6395755;2001;6346181;M
;2005;6221125;;;;;V
;2005;6221277;1999;6151734;2001;6153558;M
;2001;6153558;;;;;V
;2001;6153861;1994;6495178;1999;6187332;M
;2002;6121573;;;;;V
;2002;6121791;1995;6508036;1997;3305936;V
;1995;6508036;;;;;M
;1996;6456408;;;;;V
;1996;6619550;;;;;V
;1996;4139270;;;;;M
;1997;3305936;;;;;V
;2014;6070726;2010;6357819;2010;6031073;M
;2014;6070952;2010;6031709;2013;6060493;V
;2014;6070965;2012;6025886;2012;6023685;V
;2012;6023228;2003;6257098;2010;3169150;V
;2012;6023303;2007;6033129;2008;6259169;V
;2012;6023622;2011;6115399;2006;6033870;V
;2012;6023668;2011;6115490;2011;6115384;V
;2012;6023685;2010;6357819;2011;6115406;V
;2019;6035385;2009;6110460;2014;6070601;-
;2019;6035386;2009;6110460;2014;6070601;-
;2019;6035387;2014;3156000;2014;6072324;V
;2019;6035396;2017;6050736;2017;6050887;V
;2019;6035401;2009;6110460;2015;6285669;V
;2019;6035402;2009;6110460;2015;6285669;M
;2019;6035403;2014;6070632;2016;6021542;M
;2019;6035405;2017;6050725;2012;6233362;-
;2019;6035423;2017;6050727;2017;6050887;V
;2019;6035424;2017;6050737;2017;6050887;M
;2019;6035425;2016;6021902;2015;6046492;M
;2019;6240653;2015;6048785;2014;6070473;-
;2019;6240654;2015;6048785;2014;6070473;-
;2019;6240655;2017;6053507;2015;6285666;V
;2019;6240658;2010;6357819;2014;6070620;V
;2019;6035406;2017;6050725;2012;6233362;-
;2019;6035407;2017;6050727;2017;6050887;M
;2019;6035408;2017;6050725;2011;6115319;-
;2019;6035409;2013;6060405;2014;6070952;V
;2019;6035426;2016;6021902;2015;6046492;M
;2019;6035428;2017;6053837;2017;6050677;V
;2019;6035429;2011;6115647;2014;6070601;V
;2019;6035432;2015;6046462;2011;6115344;M
;2019;6035442;2017;6050725;2017;6050875;M
;2019;6035443;2007;6031645;2014;6070473;M
;2019;6035444;2017;6050737;2017;6050677;V
;2019;6035445;2011;6115647;2014;6070601;-
;2019;6035410;2007;6031645;2014;6070473;V
;2019;6035417;2009;6110460;2016;6021542;V
;2019;6035421;2007;6031700;2014;6070491;V
;2019;6240669;2015;6285681;2014;6070601;V
;2019;6240671;2017;6053837;2011;6115344;V
;2019;6240675;2014;6070615;2011;6115344;M
;2019;6240676;2015;6047589;2012;6233363;M
;2019;6240684;2010;6357820;2012;6233362;V
;2019;6240685;2016;6021406;2017;6050887;M
;2019;6240688;2013;6060405;2017;6050887;M
;2019;6240693;2014;6070615;2012;6233362;M
;2019;6240694;2013;6060405;2014;6070613;M
;2019;6240661;2015;6048785;2015;6285324;M
;2019;6240662;2015;6048785;2015;6285324;V
;2019;6240666;2012;6025886;2017;6050875;V
;2019;6240667;2015;6047589;2017;6050677;V
;2019;6240668;2015;6285681;2014;6070601;M
;2018;6061188;2016;6150521;2016;6267990;-
;2018;6061190;2008;6178130;2013;6306232;-
;2018;6061191;2017;1162140;2017;6053635;-
;2018;6116694;2008;6178130;2013;6306232;-
;2018;6125691;2014;6070632;2017;6050875;-
;2018;6137060;2014;6070615;2015;6285666;V
;2017;6174354;2014;6022698;2013;6096533;V
;2017;6207212;2015;6034016;2015;6285683;-
;2019;6035447;2017;6050725;2017;6050887;V
;2019;6035448;2016;6021902;2014;6070968;-
;2019;6035475;2014;6070615;2011;6115344;M
;2019;6035686;2010;6357820;2010;6031073;M
;2019;6035691;2017;6050725;2015;6285666;M
;2019;6035693;2017;6050736;2014;6070601;M
;2019;6035655;2014;6070615;2014;6070967;V
;2019;6035665;2015;6047589;2011;6115319;V
;2019;6035685;2009;6110460;2014;6070601;-
;2019;6240678;2013;6060405;2014;6070601;V
;2019;6240679;2016;6021406;2017;6050886;-
;2019;6240683;2017;6050618;2017;6050875;M
;2019;6240697;2015;6048785;2012;6023685;V
;2019;6240704;2016;6021406;2014;6070473;M
;2019;6240705;2016;6021406;2014;6070473;V
;2015;6047583;2012;6025886;2012;6233362;M
;2015;6047584;2010;6357819;2011;6115319;M
;2015;6047585;2014;6070632;2011;6115344;V
;2017;6050677;2015;6285681;2011;6115319;V
;2017;6050687;2015;6047583;2015;6285666;-
;2017;6050690;2015;6046485;2015;6285669;M
;2015;6046608;2007;6031603;2014;6070952;-
;2015;6046622;2008;6178041;2010;6031073;-
;2015;6046623;2008;6178041;2010;6031073;-
;2015;6046631;2010;6357820;2014;6070601;-
;2019;6204679;2016;6021406;2017;6050886;V
;2019;6240601;2010;6357819;2015;6285666;-
;2019;6240602;2010;6357819;2015;6285666;-
;2017;6053507;2013;6060405;2014;6070473;M
;2017;6053508;2008;6178130;2014;6070491;V
;2020;6183535;2015;6159142;2014;6070967;V
;2020;6183539;2017;6050725;2014;6070492;-
;2020;6183544;2019;6035392;2014;6070968;M
;2020;6183620;2014;6070632;2014;6070492;V
;2020;6183650;2017;6050618;2014;6070952;V
;2020;6183441;2015;6159142;2014;6070620;-
;2020;6183442;2015;6047589;2018;6137068;M
;2020;6183453;2014;6070552;2014;6070601;-
;2020;6183455;2010;6357820;2014;6070613;-
;2020;6183470;2014;6070632;2018;6137081;M
;2007;6033018;1998;6335690;2004;6307210;V
;2007;6033129;1998;6335690;2004;6307210;M
;2007;6044245;;;;;V
;2007;6189411;2006;6145813;2005;6255657;V
;2007;6191808;2001;6203463;2005;6147649;V
;2006;6154676;2002;4479161;2002;6121573;M
;2006;6210255;;;;;V
;2006;6278522;2002;6183124;2003;6108015;V
;2004;6359992;;;;;V
;2004;6360845;;;;;M
;2004;447052;;;;;V
;2018;6061090;2017;6034724;2014;6070492;M
;2018;6061091;2017;6034724;2014;6070492;M
;2018;6061093;2006;6033896;2014;6070620;M
;2010;6031946;1998;6335690;2004;6307341;V
;2010;6075741;2009;6031423;2008;6201753;V
;2010;6075762;2005;6147603;2008;6201752;M
;2019;6035388;2014;3156000;2014;6072324;V
;2019;6035391;2010;6357820;2017;6174354;V
;2019;6035392;2010;6357820;2017;6174354;M
;2019;6035142;2017;6050725;2014;6070601;M
;2019;6035152;2016;6021406;2014;6070473;V
;2019;6035160;2015;6048785;2014;6070492;M
;2020;6183419;2015;6047583;2014;6070967;-
;2020;6183427;2015;6047583;2014;6070967;-
;2020;6183437;2017;6050736;2014;6070967;-
;2020;6183801;2017;6050736;2019;6035388;-
;2020;6183802;2010;6357819;2012;6233363;-
;2020;6183803;2010;6357819;2012;6233363;-
;2020;6183804;2015;6046462;2015;6046474;-
;2020;6183805;2015;6046462;2015;6046474;-
;2020;6183806;2017;6050618;2014;6070952;-
;2020;6183807;2017;6050618;2014;6070952;-
;2020;6183808;2014;6070615;2014;6070620;-
;2020;6183809;2014;6070615;2014;6070620;-
;2020;6183810;2014;6070552;2014;6070601;-
;2020;6183811;2014;6070552;2014;6070601;-
;2020;6183812;2016;6021406;2014;6070491;-
;2020;6183813;2019;6035013;2014;6070613;-
;2020;6183814;2019;6035392;2017;6050875;-
;2020;6183815;2019;6035392;2017;6050875;-
;2020;6183816;2018;6137083;2011;6115344;-
;2020;6183817;2018;6137083;2011;6115344;-
;2020;6183818;2017;6053507;2015;6285666;-
;2020;6183819;2017;6053507;2015;6285666;-
;2020;6183820;2017;6053632;2019;6240705;-
;2020;6183821;2017;6053632;2019;6240705;-
;2020;6183822;2015;6047583;2014;6070967;-
;2020;6183823;2015;6047583;2014;6070967;-
;2020;6183824;2015;6285681;2014;6070968;-
;2020;6183825;2015;6285681;2014;6070968;-
;2020;6183826;2015;6159142;2017;6050677;-
;2020;6183827;2015;6159142;2017;6050677;-
;2020;6183828;2018;6061090;2019;6035387;-
;2020;6183829;2018;6061090;2019;6035387;-
;2020;6183830;2010;6357819;2012;6233363;-
;2020;6183831;2010;6357819;2012;6233363;-
;2020;6183832;2019;6240704;2015;6285324;-
;2020;6183833;2019;6240704;2015;6285324;-
;2020;6183834;2017;6050737;2015;6279114;-
;2020;6183835;2017;6050737;2015;6279114;-
;2020;6183836;2019;6035032;2019;6035152;-
;2020;6183837;2019;6035032;2019;6035152;-
;2020;6183838;2013;6060405;2014;6070473;-
;2020;6183839;2013;6060405;2014;6070473;-
;2020;6183840;2015;6047589;2018;6137068;-
;2020;6183841;2015;6047589;2018;6137068;-
;2020;6183842;2016;6021902;2012;6233362;-
;2020;6183843;2016;6021902;2012;6233362;-
;2020;6183844;2015;6048785;2011;6115319;-
;2020;6183845;2015;6048785;2011;6115319;-
;2020;6183846;2016;6021773;2015;6046492;-
;2020;6183847;2016;6021773;2015;6046492;-
;2020;6183848;2010;6357820;2017;6174354;-
;2020;6183849;2010;6357820;2017;6174354;-
;2020;6183850;2014;6070632;2019;6035391;-
;2020;6183851;2017;6050737;2015;6279114;-
;2020;6183852;2017;6050737;2015;6279114;-
;2020;6183853;2015;6046462;2015;6046474;-
;2020;6183854;2017;6050725;2014;6070492;-
;2020;6183855;2017;6050725;2014;6070492;-
;2020;6183856;2017;6053632;2019;6240705;-
;2020;6183857;2017;6053632;2019;6240705;-
;2020;6183858;2015;6034016;2012;6023685;-
;2020;6183859;2015;6034016;2012;6023685;-
;2020;6183860;2014;6070552;2014;6070601;-
;2020;6183861;2014;6070552;2014;6070601;-
;2020;6183862;2015;6047589;2018;6137068;-
;2020;6183863;2015;6047589;2018;6137068;-
;2020;6183864;2019;6035013;2014;6070613;-
;2020;6183865;2019;6035013;2014;6070613;-
;2020;6183866;2015;6285681;2014;6070968;-
;2020;6183867;2015;6285681;2014;6070968;-
;2020;6183868;2019;6240704;2015;6285324;-
;2020;6183869;2013;6060405;2014;6070473;-
;2020;6183870;2013;6060405;2014;6070473;-
;2020;6183871;2017;6050618;2014;6070952;-
;2020;6183872;2017;6050618;2014;6070952;-
;2020;6183873;2019;6035392;2017;6050875;-
;2020;6183874;2019;6035392;2017;6050875;-
;2020;6183875;2019;6035032;2019;6035152;-
;2020;6183876;2019;6035032;2019;6035152;-
;2020;6183877;2015;6159142;2017;6050677;-
;2020;6183878;2015;6159142;2017;6050677;-
;2020;6183879;2016;6021773;2015;6046492;-
;2020;6183880;2016;6021773;2015;6046492;-
;2020;6183881;2015;6047583;2014;6070967;-
;2020;6183882;2015;6047583;2014;6070967;-
;2020;6183883;2014;6070615;2014;6070620;-
;2020;6183884;2014;6070615;2014;6070620;-
;2020;6183885;2016;6021406;2014;6070491;-
;2020;6183886;2010;6357820;2017;6174354;-
;2020;6183887;2010;6357820;2017;6174354;-
;2020;6183888;2016;6021902;2012;6233362;-
;2020;6183889;2014;6070632;2019;6035391;-
;2020;6183890;2018;6137083;2011;6115344;-
;2020;6183891;2018;6137083;2011;6115344;-
;2020;6183892;2018;6061090;2019;6035387;-
;2020;6183893;2018;6061090;2019;6035387;-
;2020;6183894;2017;6050736;2019;6035388;-
;2020;6183895;2017;6050736;2019;6035388;-
;2020;6183896;2017;6053507;2015;6285666;-
;2020;6183897;2017;6053507;2015;6285666;-
;2020;6183898;2015;6048785;2011;6115319;-
;2020;6183899;2015;6048785;2011;6115319;-
;2020;6183900;2010;6357819;2012;6233363;-
;2020;6183901;2017;6050725;2014;6070492;-
;2020;6183902;2017;6050725;2014;6070492;-
;2020;6183702;2014;6070615;2014;6070620;-
;2020;6183703;2013;6060405;2014;6070473;-
;2020;6183704;2013;6060405;2014;6070473;-
;2020;6183705;2015;6047583;2014;6070967;-
;2020;6183706;2017;6050618;2014;6070952;-
;2020;6183707;2017;6050618;2014;6070952;-
;2020;6183708;2010;6357819;2012;6233363;-
;2020;6183709;2010;6357819;2012;6233363;-
;2020;6183710;2018;6137083;2011;6115344;-
;2020;6183711;2018;6137083;2011;6115344;-
;2020;6183712;2015;6285681;2014;6070968;-
;2020;6183713;2015;6285681;2014;6070968;-
;2020;6183714;2019;6240704;2015;6285324;-
;2020;6183715;2019;6240705;2015;6285324;-
;2020;6183716;2018;6061090;2019;6035387;-
;2020;6183717;2018;6061090;2019;6035387;-
;2020;6183718;2019;6035032;2019;6035152;-
;2020;6183719;2019;6035032;2019;6035152;-
;2020;6183720;2015;6047589;2018;6137068;-
;2020;6183721;2015;6047589;2018;6137068;-
;2020;6183722;2015;6048785;2011;6115319;-
;2020;6183723;2015;6048785;2011;6115319;-
;2020;6183724;2014;6070632;2019;6035391;-
;2020;6183725;2017;6050737;2015;6279114;-
;2020;6183726;2017;6050737;2015;6279114;-
;2020;6183727;2010;6357820;2017;6174354;-
;2020;6183728;2010;6357820;2017;6174354;-
;2020;6183729;2017;6050736;2019;6035388;-
;2020;6183730;2017;6050736;2019;6035388;-
;2020;6183731;2015;6159142;2017;6050677;-
;2020;6183732;2015;6159142;2017;6050677;-
;2020;6183733;2016;6021406;2014;6070491;-
;2020;6183734;2016;6021406;2014;6070491;-
;2020;6183735;2019;6035392;2017;6050875;-
;2020;6183737;2019;6035013;2014;6070613;-
;2020;6183738;2019;6035013;2014;6070613;-
;2020;6183739;2014;6070552;2014;6070601;-
;2020;6183740;2016;6021902;2012;6233362;-
;2020;6183741;2016;6021902;2012;6233362;-
;2020;6183742;2015;6046462;2015;6046474;-
;2020;6183743;2015;6046462;2015;6046474;-
;2020;6183744;2016;6021773;2015;6046492;-
;2020;6183745;2016;6021773;2015;6046492;-
;2020;6183746;2017;6053507;2015;6285666;-
;2020;6183747;2017;6050725;2014;6070492;-
;2020;6183748;2017;6050725;2014;6070492;-
;2020;6183749;2017;6053632;2019;6240705;-
;2020;6183750;2017;6053632;2019;6240705;-
;2020;6183499;2014;6070632;2015;6046492;V
;2020;6183501;2013;6060405;2014;6070473;M
;2020;6183512;2017;6053837;2015;6285324;M
;2020;6183513;2017;6053837;2015;6285324;V
;2020;6183651;2015;6047589;2018;6137068;V
;2020;6183659;2016;6021406;2014;6070491;-
;2020;6183667;2015;6034016;2012;6023685;M
;2020;6183751;2018;6061090;2019;6035387;-
;2020;6183752;2018;6061090;2019;6035387;-
;2020;6183753;2015;6048785;2011;6115319;-
;2020;6183754;2015;6048785;2011;6115319;-
;2020;6183755;2018;6137083;2011;6115344;-
;2020;6183756;2016;6021406;2014;6070491;-
;2020;6183757;2015;6046462;2015;6046474;-
;2020;6183758;2015;6046462;2015;6046474;-
;2020;6183759;2015;6034016;2012;6023685;-
;2020;6183760;2015;6034016;2012;6023685;-
;2020;6183761;2017;6050737;2015;6279114;-
;2020;6183762;2017;6050737;2015;6279114;-
;2020;6183763;2017;6053507;2015;6285666;-
;2020;6183764;2017;6053507;2015;6285666;-
;2020;6183765;2019;6035013;2014;6070613;-
;2020;6183766;2019;6035013;2014;6070613;-
;2020;6183767;2016;6021406;2014;6070491;-
;2020;6183768;2016;6021406;2014;6070491;-
;2020;6183769;2019;6035032;2019;6035152;-
;2020;6183770;2019;6035032;2019;6035152;-
;2020;6183771;2014;6070632;2019;6035391;-
;2020;6183772;2014;6070632;2019;6035391;-
;2020;6183773;2015;6047589;2018;6137068;-
;2020;6183774;2015;6047589;2018;6137068;-
;2020;6183775;2013;6060405;2014;6070473;-
;2020;6183776;2017;6050725;2014;6070492;-
;2020;6183777;2017;6050725;2014;6070492;-
;2020;6183778;2017;6050618;2014;6070952;-
;2020;6183779;2017;6050618;2014;6070952;-
;2020;6183780;2017;6050736;2019;6035388;-
;2020;6183781;2017;6050736;2019;6035388;-
;2020;6183782;2016;6021902;2012;6233362;-
;2020;6183783;2016;6021902;2012;6233362;-
;2020;6183784;2010;6357820;2017;6174354;-
;2020;6183785;2010;6357820;2017;6174354;-
;2020;6183786;2017;6053632;2019;6240705;-
;2020;6183787;2017;6053632;2019;6240705;-
;2020;6183788;2014;6070615;2014;6070620;-
;2020;6183789;2014;6070615;2014;6070620;-
;2020;6183790;2015;6047583;2014;6070967;-
;2020;6183791;2015;6047583;2014;6070967;-
;2020;6183792;2014;6070552;2014;6070601;-
;2020;6183793;2014;6070552;2014;6070601;-
;2020;6183794;2010;6357819;2012;6233363;-
;2020;6183795;2010;6357819;2012;6233363;-
;2020;6183796;2015;6159142;2017;6050677;-
;2020;6183797;2015;6159142;2017;6050677;-
;2020;6183798;2019;6240704;2015;6285324;-
;2020;6183799;2019;6035392;2017;6050875;-
;2020;6183800;2019;6035392;2017;6050875;-
;2019;6035024;2015;6034016;2014;6070620;M
;2019;6035031;2017;6053632;2016;6021542;V
;2019;6035032;2007;6031645;2014;6070491;M
;2019;6035058;2018;6061091;2017;6050875;M
;2019;6035060;2015;6046462;2011;6115344;V
;2019;6240716;2016;6021406;2014;6070473;V
;2020;6035083;2015;6046485;2017;6053647;M
;2020;6035201;2017;6053507;2014;6070967;M
;2020;6081852;2017;6050737;2015;6279114;-
;2020;6183405;2016;6021773;2015;6046492;V
;2020;6183524;2017;6050725;2015;6285666;M
;2020;6183525;2016;6021773;2015;6046492;M
;2020;6183526;2016;6021773;2015;6046492;-
;2020;6183532;2017;6053507;2015;6279114;V
;2020;6183472;2007;6031645;2017;6050875;M
;2020;6183477;2010;6357820;2012;6233363;-
;2020;6183482;2015;6048785;2014;6070473;M
;2020;6183903;2019;6035032;2019;6035152;-
;2020;6183904;2019;6035032;2019;6035152;-
;2020;6183905;2016;6021773;2015;6046492;-
;2020;6183906;2016;6021773;2015;6046492;-
;2020;6183907;2017;6053632;2019;6240705;-
;2020;6183908;2017;6053632;2019;6240705;-
;2020;6183909;2018;6061090;2019;6035387;-
;2020;6183910;2018;6061090;2019;6035387;-
;2020;6183911;2015;6285681;2014;6070968;-
;2020;6183912;2015;6285681;2014;6070968;-
;2020;6183913;2015;6046462;2015;6046474;-
;2020;6183914;2015;6046462;2015;6046474;-
;2020;6183915;2019;6035013;2014;6070613;-
;2020;6183916;2019;6035013;2014;6070613;-
;2020;6183917;2015;6159142;2017;6050677;-
;2020;6183918;2015;6159142;2017;6050677;-
;2020;6183919;2017;6050736;2019;6035388;-
;2020;6183920;2017;6050736;2019;6035388;-
;2020;6183921;2017;6050618;2014;6070952;-
;2020;6183922;2017;6050618;2014;6070952;-
;2020;6183923;2017;6053507;2015;6285666;-
;2020;6183924;2017;6053507;2015;6285666;-
;2020;6183925;2018;6137083;2011;6115344;-
;2020;6183926;2016;6021902;2012;6233362;-
;2020;6183927;2016;6021902;2012;6233362;-
;2020;6183928;2015;6034016;2012;6023685;-
;2020;6183929;2015;6034016;2012;6023685;-
;2020;6183930;2015;6048785;2011;6115319;-
;2020;6183931;2015;6048785;2011;6115319;-
;2020;6183932;2014;6070615;2014;6070620;-
;2020;6183933;2019;6240704;2015;6285324;-
;2020;6183934;2019;6240704;2015;6285324;-
;2020;6183935;2015;6047589;2018;6137068;-
;2020;6183936;2016;6021406;2014;6070491;-
;2020;6183937;2016;6021406;2014;6070491;-
;2020;6183938;2014;6070632;2019;6035391;-
;2020;6183939;2010;6357819;2012;6233363;-
;2020;6183940;2010;6357819;2012;6233363;-
;2020;6183941;2014;6070552;2014;6070601;-
;2020;6183942;2014;6070552;2014;6070601;-
;2020;6183943;2013;6060405;2014;6070473;-
;2020;6183944;2013;6060405;2014;6070473;-
;2020;6183945;2010;6357820;2017;6174354;-
;2020;6183946;2010;6357820;2017;6174354;-
;2020;6183947;2015;6047583;2014;6070967;-
;2020;6183948;2015;6047583;2014;6070967;-
;2020;6183949;2019;6035392;2017;6050875;-
;2020;6183950;2019;6035392;2017;6050875;-
;2020;6183951;2014;6070615;2014;6070613;-
;2020;6245902;2010;6357820;2012;6233363;V
;2020;6245903;2017;6053632;2019;6240705;-
;2020;6245904;2017;6053632;2019;6240705;-
;2020;6245905;2018;6061090;2019;6035387;-
;2020;6245906;2018;6061090;2019;6035387;-
;2020;6245907;2015;6046462;2015;6046474;-
;2020;6245908;2017;6050618;2014;6070952;-
;2020;6245909;2017;6050618;2014;6070952;-
;2020;6245910;2015;6285681;2011;6115319;-
;2020;6245911;2015;6285681;2011;6115319;-
;2020;6245912;2014;6070615;2014;6070620;-
;2020;6245913;2014;6070615;2014;6070620;-
;2020;6245914;2014;6070632;2019;6035391;-
;2020;6245915;2014;6070632;2019;6035391;-
;2020;6245916;2017;6050725;2017;6050875;-
;2020;6245917;2010;6357819;2012;6233363;-
;2020;6245918;2010;6357819;2012;6233363;-
;2020;6245919;2015;6047583;2014;6070601;-
;2020;6245920;2015;6047583;2014;6070601;-
;2020;6249461;2010;6357820;2019;6035054;-
;2020;6249462;2010;6357820;2019;6035054;-
;2020;6249469;2015;6047589;2019;6035060;-
;2020;6249470;2015;6047589;2019;6035060;-
;2011;6115359;2008;6178055;2006;6033902;-
;2011;6115384;;;;;V
;2011;6115399;2006;6033602;2006;6033902;M
;2011;6261694;2003;6226043;2003;6226397;V
;2011;6323814;;;;;M
;2011;6332526;;;;;V
;2020;6183699;2014;6070632;2019;6035391;V
;2020;6183700;2015;6034016;2012;6023685;M
;2020;6183701;2014;6070615;2014;6070620;-
;2020;6183518;2014;6070615;2014;6070620;M
;2020;6183519;2017;6050736;2014;6070968;-
;2020;6183521;2017;6050737;2015;6279114;M
;2020;6249465;2009;6110460;2015;6046492;-
;2020;6249466;2009;6110460;2015;6046492;-
;2020;6183952;2014;6070615;2014;6070613;-
;2020;6183953;2019;6035013;2014;6070620;-
;2020;6183954;2019;6035013;2014;6070620;-
;2020;6183955;2015;6285681;2014;6070968;-
;2020;6183956;2015;6285681;2014;6070968;-
;2020;6183957;2015;6047589;2018;6137068;-
;2020;6183958;2015;6047589;2018;6137068;-
;2020;6183959;2017;6053507;2015;6285666;-
;2020;6183960;2017;6053507;2015;6285666;-
;2020;6183961;2017;6050736;2017;6050677;-
;2020;6183962;2017;6050736;2017;6050677;-
;2020;6183963;2014;6070632;2019;6035391;-
;2020;6183964;2014;6070632;2019;6035391;-
;2020;6183965;2010;6357820;2017;6174354;-
;2020;6183966;2010;6357820;2017;6174354;-
;2020;6183967;2013;6060405;2014;6070473;-
;2020;6183968;2013;6060405;2014;6070473;-
;2020;6183969;2017;6050618;2014;6070952;-
;2020;6183970;2017;6050618;2014;6070952;-
;2020;6183971;2019;6035032;2019;6035152;-
;2020;6183972;2019;6035032;2019;6035152;-
;2020;6183973;2010;6357819;2012;6233363;-
;2020;6183974;2017;6050725;2014;6070492;-
;2020;6183975;2017;6050725;2014;6070492;-
;2020;6183976;2016;6021406;2014;6070491;-
;2020;6183977;2016;6021406;2014;6070491;-
;2020;6183978;2019;6240704;2015;6285324;-
;2020;6183979;2015;6047583;2014;6070967;-
;2020;6183980;2015;6047583;2014;6070967;-
;2020;6183981;2015;6048785;2011;6115319;-
;2020;6183982;2015;6048785;2011;6115319;-
;2020;6183983;2015;6285681;2014;6070968;-
;2020;6183984;2015;6285681;2014;6070968;-
;2020;6183985;2017;6053632;2019;6240705;-
;2020;6183986;2017;6053632;2019;6240705;-
;2020;6183988;2014;6070552;2014;6070601;-
;2020;6183989;2015;6047589;2018;6137068;-
;2020;6183990;2015;6047589;2018;6137068;-
;2020;6183991;2019;6240704;2015;6285324;-
;2020;6183992;2019;6240704;2015;6285324;-
;2020;6183993;2019;6035392;2017;6050875;-
;2020;6183994;2015;6046462;2015;6046474;-
;2020;6183995;2015;6046462;2015;6046474;-
;2020;6183996;2017;6050725;2014;6070492;-
;2020;6183997;2017;6050725;2014;6070492;-
;2020;6183998;2019;6035032;2019;6035152;-
;2020;6183999;2019;6035032;2019;6035152;-
;2020;6184000;2017;6053507;2015;6285666;-
;2020;6223259;2017;6053501;2013;6306231;-
;2020;6223260;2017;6053501;2013;6306231;-
